---
-- Database: `atrexusalpha`
--

--
-- Dumping data for table `battlefields`
--

INSERT INTO `battlefields` (`ID`, `name`, `visibility`) VALUES
(1, 'Warzone Alpha', 'public'),
(2, 'Warzone Tango Foxtrot', 'restricted');

--
-- Dumping data for table `headquarters`
--

INSERT INTO `headquarters` (`ID`, `hive_id`, `position_id`, `cost_to_capture`) VALUES
(1, 1, 1, 20),
(2, 1, 2, 100),
(3, 1, 3, 20),
(4, 1, 4, 20),
(5, 1, 5, 20),
(6, 2, 6, 20),
(7, 2, 7, 100),
(8, 2, 8, 20),
(9, 2, 9, 20),
(10, 2, 10, 20),
(11, 3, 11, 20),
(12, 3, 12, 20),
(13, 3, 13, 20),
(14, 3, 14, 20),
(15, 3, 15, 100),
(16, NULL, 16, 20),
(17, NULL, 17, 20),
(18, NULL, 18, 20),
(19, NULL, 19, 20),
(20, 4, 142, 20),
(21, 4, 143, 100),
(22, 4, 144, 20),
(23, 4, 145, 20),
(24, 4, 146, 20),
(25, 5, 147, 20),
(26, 5, 148, 100),
(27, 5, 149, 20),
(28, 5, 150, 20),
(29, 5, 151, 20),
(30, 6, 152, 20),
(31, 6, 153, 20),
(32, 6, 154, 20),
(33, 6, 155, 20),
(34, 6, 156, 100),
(35, NULL, 157, 20),
(36, NULL, 158, 20),
(37, NULL, 159, 20),
(38, NULL, 160, 20);

--
-- Dumping data for table `hives`
--

INSERT INTO `hives` (`ID`, `name`, `battlefield_id`) VALUES
(1, 'Iurida', 1),
(2, 'Orthosterni', 1),
(3, 'Chaerilida', 1),
(4, 'Palpigradi ', 2),
(5, 'Opiliones', 2),
(6, 'Haptopoda', 2);

--
-- Dumping data for table `positions`
--

INSERT INTO `positions` (`ID`, `battlefield_id`, `X`, `Y`) VALUES
(72, 1, -31, -31),
(71, 1, -31, -30),
(67, 1, -31, -29),
(116, 1, -31, 149),
(112, 1, -31, 150),
(111, 1, -31, 151),
(73, 1, -30, -31),
(2, 1, -30, -30),
(68, 1, -30, -29),
(115, 1, -30, 149),
(7, 1, -30, 150),
(110, 1, -30, 151),
(74, 1, -29, -31),
(70, 1, -29, -30),
(69, 1, -29, -29),
(114, 1, -29, 149),
(113, 1, -29, 150),
(109, 1, -29, 151),
(16, 1, -20, 60),
(62, 1, -1, -1),
(61, 1, -1, 0),
(60, 1, -1, 1),
(82, 1, -1, 39),
(78, 1, -1, 40),
(75, 1, -1, 41),
(127, 1, -1, 79),
(126, 1, -1, 80),
(125, 1, -1, 81),
(104, 1, -1, 119),
(103, 1, -1, 120),
(100, 1, -1, 121),
(1, 1, 0, 0),
(59, 1, 0, 1),
(81, 1, 0, 39),
(3, 1, 0, 40),
(83, 1, 0, 41),
(132, 1, 0, 74),
(133, 1, 0, 79),
(9, 1, 0, 80),
(128, 1, 0, 81),
(105, 1, 0, 119),
(6, 1, 0, 120),
(101, 1, 0, 121),
(66, 1, 1, -1),
(63, 1, 1, 0),
(64, 1, 1, 1),
(80, 1, 1, 39),
(77, 1, 1, 41),
(131, 1, 1, 79),
(130, 1, 1, 80),
(129, 1, 1, 81),
(108, 1, 1, 119),
(107, 1, 1, 120),
(102, 1, 1, 121),
(79, 1, 2, 40),
(76, 1, 2, 45),
(106, 1, 2, 117),
(65, 1, 4, 1),
(87, 1, 19, 19),
(86, 1, 19, 20),
(85, 1, 19, 21),
(138, 1, 19, 99),
(137, 1, 19, 100),
(136, 1, 19, 101),
(88, 1, 20, 19),
(4, 1, 20, 20),
(84, 1, 20, 21),
(17, 1, 20, 60),
(139, 1, 20, 99),
(10, 1, 20, 100),
(134, 1, 20, 101),
(89, 1, 21, 19),
(90, 1, 21, 20),
(91, 1, 21, 21),
(141, 1, 21, 99),
(140, 1, 21, 100),
(135, 1, 21, 101),
(96, 1, 39, -1),
(95, 1, 39, 0),
(93, 1, 39, 1),
(120, 1, 39, 119),
(119, 1, 39, 120),
(118, 1, 39, 121),
(97, 1, 40, -1),
(5, 1, 40, 0),
(92, 1, 40, 1),
(121, 1, 40, 119),
(8, 1, 40, 120),
(117, 1, 40, 121),
(99, 1, 41, -1),
(98, 1, 41, 0),
(94, 1, 41, 1),
(124, 1, 41, 119),
(123, 1, 41, 120),
(122, 1, 41, 121),
(26, 1, 49, 59),
(35, 1, 49, 60),
(25, 1, 49, 61),
(36, 1, 50, 59),
(11, 1, 50, 60),
(37, 1, 50, 61),
(21, 1, 51, 22),
(38, 1, 51, 59),
(40, 1, 51, 60),
(39, 1, 51, 61),
(23, 1, 64, 39),
(50, 1, 69, 39),
(49, 1, 69, 40),
(20, 1, 69, 41),
(41, 1, 69, 79),
(42, 1, 69, 80),
(43, 1, 69, 81),
(18, 1, 70, 10),
(51, 1, 70, 39),
(13, 1, 70, 40),
(53, 1, 70, 41),
(47, 1, 70, 79),
(12, 1, 70, 80),
(44, 1, 70, 81),
(19, 1, 70, 110),
(52, 1, 71, 39),
(54, 1, 71, 40),
(48, 1, 71, 79),
(46, 1, 71, 80),
(45, 1, 71, 81),
(22, 1, 74, 44),
(55, 1, 89, 59),
(57, 1, 89, 60),
(56, 1, 89, 61),
(58, 1, 90, 59),
(14, 1, 90, 60),
(24, 1, 95, 60),
(28, 1, 119, 59),
(27, 1, 119, 60),
(29, 1, 119, 61),
(30, 1, 120, 59),
(15, 1, 120, 60),
(31, 1, 120, 61),
(32, 1, 121, 59),
(34, 1, 121, 60),
(33, 1, 121, 61),
(175, 2, -31, -31),
(176, 2, -31, -30),
(169, 2, -31, -29),
(214, 2, -31, 149),
(213, 2, -31, 150),
(209, 2, -31, 151),
(174, 2, -30, -31),
(143, 2, -30, -30),
(170, 2, -30, -29),
(215, 2, -30, 149),
(148, 2, -30, 150),
(210, 2, -30, 151),
(173, 2, -29, -31),
(172, 2, -29, -30),
(171, 2, -29, -29),
(216, 2, -29, 149),
(212, 2, -29, 150),
(211, 2, -29, 151),
(157, 2, -20, 60),
(167, 2, -1, -1),
(168, 2, -1, 0),
(161, 2, -1, 1),
(184, 2, -1, 39),
(183, 2, -1, 40),
(177, 2, -1, 41),
(230, 2, -1, 79),
(228, 2, -1, 80),
(227, 2, -1, 81),
(207, 2, -1, 119),
(206, 2, -1, 120),
(201, 2, -1, 121),
(166, 2, 0, -1),
(142, 2, 0, 0),
(162, 2, 0, 1),
(182, 2, 0, 39),
(144, 2, 0, 40),
(178, 2, 0, 41),
(231, 2, 0, 79),
(150, 2, 0, 80),
(225, 2, 0, 81),
(208, 2, 0, 119),
(147, 2, 0, 120),
(202, 2, 0, 121),
(165, 2, 1, -1),
(164, 2, 1, 0),
(181, 2, 1, 39),
(180, 2, 1, 40),
(179, 2, 1, 41),
(232, 2, 1, 79),
(229, 2, 1, 80),
(226, 2, 1, 81),
(205, 2, 1, 119),
(204, 2, 1, 120),
(203, 2, 1, 121),
(163, 2, 2, 2),
(192, 2, 19, 19),
(191, 2, 19, 20),
(185, 2, 19, 21),
(235, 2, 19, 99),
(234, 2, 19, 100),
(233, 2, 19, 101),
(190, 2, 20, 19),
(145, 2, 20, 20),
(186, 2, 20, 21),
(158, 2, 20, 60),
(236, 2, 20, 99),
(151, 2, 20, 100),
(240, 2, 20, 101),
(189, 2, 21, 19),
(188, 2, 21, 20),
(187, 2, 21, 21),
(237, 2, 21, 99),
(238, 2, 21, 100),
(239, 2, 21, 101),
(199, 2, 39, -1),
(198, 2, 39, 0),
(193, 2, 39, 1),
(222, 2, 39, 119),
(220, 2, 39, 120),
(219, 2, 39, 121),
(200, 2, 40, -1),
(146, 2, 40, 0),
(194, 2, 40, 1),
(223, 2, 40, 119),
(149, 2, 40, 120),
(217, 2, 40, 121),
(197, 2, 41, -1),
(196, 2, 41, 0),
(195, 2, 41, 1),
(224, 2, 41, 119),
(221, 2, 41, 120),
(218, 2, 41, 121),
(244, 2, 43, 57),
(246, 2, 46, 56),
(247, 2, 49, 56),
(281, 2, 49, 59),
(282, 2, 49, 60),
(241, 2, 49, 61),
(152, 2, 50, 60),
(242, 2, 50, 61),
(248, 2, 51, 59),
(245, 2, 51, 60),
(243, 2, 51, 61),
(262, 2, 69, 39),
(260, 2, 69, 40),
(257, 2, 69, 41),
(254, 2, 69, 79),
(252, 2, 69, 80),
(249, 2, 69, 81),
(159, 2, 70, 10),
(263, 2, 70, 39),
(154, 2, 70, 40),
(258, 2, 70, 41),
(255, 2, 70, 79),
(153, 2, 70, 80),
(250, 2, 70, 81),
(160, 2, 70, 110),
(264, 2, 71, 39),
(261, 2, 71, 40),
(259, 2, 71, 41),
(256, 2, 71, 79),
(253, 2, 71, 80),
(251, 2, 71, 81),
(270, 2, 89, 59),
(268, 2, 89, 60),
(266, 2, 89, 61),
(271, 2, 90, 59),
(155, 2, 90, 60),
(265, 2, 90, 61),
(272, 2, 91, 59),
(269, 2, 91, 60),
(267, 2, 91, 61),
(278, 2, 119, 59),
(276, 2, 119, 60),
(273, 2, 119, 61),
(279, 2, 120, 59),
(156, 2, 120, 60),
(274, 2, 120, 61),
(280, 2, 121, 59),
(277, 2, 121, 60),
(275, 2, 121, 61);

--
-- Dumping data for table `soldiers`
--

INSERT INTO `soldiers` (`ID`, `hive_id`, `position_id`, `HP`, `AP`, `updated`) VALUES
(1, 3, 20, 100, 40, '2011-09-11 14:22:05'),
(2, 3, 21, 100, 20, '2011-09-11 14:22:11'),
(3, 3, 22, 100, 25, '2011-09-11 14:24:05'),
(4, 3, 23, 100, 35, '2011-09-11 14:24:40'),
(5, 3, 24, 100, 16, '2011-09-11 14:26:11'),
(6, 3, 25, 100, 40, '2011-09-11 14:27:23'),
(7, 3, 26, 100, 40, '2011-09-11 14:27:25'),
(8, 3, 27, 100, 40, '2011-09-11 14:28:04'),
(9, 3, 28, 100, 40, '2011-09-11 14:28:05'),
(10, 3, 29, 100, 40, '2011-09-11 14:28:28'),
(11, 3, 30, 100, 40, '2011-09-11 14:28:29'),
(12, 3, 31, 100, 40, '2011-09-11 14:29:16'),
(13, 3, 32, 100, 40, '2011-09-11 14:29:18'),
(14, 3, 33, 100, 40, '2011-09-11 14:29:34'),
(15, 3, 34, 100, 40, '2011-09-11 14:29:36'),
(16, 3, 35, 100, 40, '2011-09-11 14:30:12'),
(17, 3, 36, 100, 40, '2011-09-11 14:30:14'),
(18, 3, 37, 100, 40, '2011-09-11 14:30:31'),
(19, 3, 38, 100, 40, '2011-09-11 14:30:33'),
(20, 3, 39, 100, 40, '2011-09-11 14:30:57'),
(21, 3, 40, 100, 40, '2011-09-11 14:30:59'),
(22, 3, 41, 100, 40, '2011-09-11 14:31:22'),
(23, 3, 42, 100, 40, '2011-09-11 14:31:24'),
(24, 3, 43, 100, 40, '2011-09-11 14:31:37'),
(25, 3, 44, 100, 40, '2011-09-11 14:31:39'),
(26, 3, 45, 100, 40, '2011-09-11 14:31:51'),
(27, 3, 46, 100, 40, '2011-09-11 14:31:53'),
(28, 3, 47, 100, 40, '2011-09-11 14:32:10'),
(29, 3, 48, 100, 40, '2011-09-11 14:32:12'),
(30, 3, 49, 100, 40, '2011-09-11 14:32:37'),
(31, 3, 50, 100, 40, '2011-09-11 14:32:39'),
(32, 3, 51, 100, 40, '2011-09-11 14:32:59'),
(33, 3, 52, 100, 40, '2011-09-11 14:33:02'),
(34, 3, 53, 100, 40, '2011-09-11 14:33:17'),
(35, 3, 54, 100, 40, '2011-09-11 14:33:19'),
(36, 3, 55, 100, 40, '2011-09-11 14:33:46'),
(37, 3, 56, 100, 40, '2011-09-11 14:33:49'),
(38, 3, 57, 100, 40, '2011-09-11 14:34:06'),
(39, 3, 58, 100, 40, '2011-09-11 14:34:09'),
(40, 1, 59, 100, 40, '2011-09-11 14:37:19'),
(41, 1, 60, 100, 40, '2011-09-11 14:37:21'),
(42, 1, 61, 100, 40, '2011-09-11 14:37:23'),
(43, 1, 62, 100, 40, '2011-09-11 14:37:25'),
(44, 1, 63, 100, 40, '2011-09-11 14:37:27'),
(45, 1, 64, 100, 40, '2011-09-11 14:37:29'),
(46, 1, 65, 100, 37, '2011-09-11 14:37:35'),
(47, 1, 66, 100, 40, '2011-09-11 14:37:49'),
(48, 1, 67, 100, 40, '2011-09-11 14:38:11'),
(49, 1, 68, 100, 40, '2011-09-11 14:38:13'),
(50, 1, 69, 100, 40, '2011-09-11 14:38:15'),
(51, 1, 70, 100, 40, '2011-09-11 14:38:17'),
(52, 1, 71, 100, 40, '2011-09-11 14:38:19'),
(53, 1, 72, 100, 40, '2011-09-11 14:38:21'),
(54, 1, 73, 100, 40, '2011-09-11 14:38:23'),
(55, 1, 74, 100, 40, '2011-09-11 14:38:24'),
(56, 1, 75, 100, 40, '2011-09-11 14:38:41'),
(57, 1, 76, 100, 34, '2011-09-11 14:38:42'),
(58, 1, 77, 100, 40, '2011-09-11 14:38:48'),
(59, 1, 78, 100, 40, '2011-09-11 14:38:50'),
(60, 1, 79, 100, 40, '2011-09-11 16:02:59'),
(61, 1, 80, 100, 40, '2011-09-11 14:38:58'),
(62, 1, 81, 100, 40, '2011-09-11 14:39:01'),
(63, 1, 82, 100, 40, '2011-09-11 14:39:03'),
(64, 1, 83, 100, 40, '2011-09-11 14:39:12'),
(65, 1, 84, 100, 40, '2011-09-11 14:39:43'),
(66, 1, 85, 100, 40, '2011-09-11 14:39:44'),
(67, 1, 86, 100, 40, '2011-09-11 14:39:46'),
(68, 1, 87, 100, 40, '2011-09-11 14:39:48'),
(69, 1, 88, 100, 40, '2011-09-11 14:39:50'),
(70, 1, 89, 100, 40, '2011-09-11 14:39:51'),
(71, 1, 90, 100, 40, '2011-09-11 14:39:53'),
(72, 1, 91, 100, 40, '2011-09-11 14:40:00'),
(73, 1, 92, 100, 40, '2011-09-11 14:40:17'),
(74, 1, 93, 100, 40, '2011-09-11 14:40:20'),
(75, 1, 94, 100, 40, '2011-09-11 14:40:21'),
(76, 1, 95, 100, 40, '2011-09-11 14:40:23'),
(77, 1, 96, 100, 40, '2011-09-11 14:40:30'),
(78, 1, 97, 100, 40, '2011-09-11 14:40:32'),
(79, 1, 98, 100, 40, '2011-09-11 14:40:39'),
(80, 1, 99, 100, 40, '2011-09-11 14:40:41'),
(81, 2, 100, 100, 40, '2011-09-11 14:41:15'),
(82, 2, 101, 100, 40, '2011-09-11 14:41:16'),
(83, 2, 102, 100, 40, '2011-09-11 14:41:22'),
(84, 2, 103, 100, 40, '2011-09-11 14:41:25'),
(85, 2, 104, 100, 40, '2011-09-11 14:41:26'),
(86, 2, 105, 100, 40, '2011-09-11 14:41:28'),
(87, 2, 106, 100, 38, '2011-09-11 14:41:31'),
(88, 2, 107, 100, 40, '2011-09-11 14:41:44'),
(89, 2, 108, 100, 40, '2011-09-11 14:41:46'),
(90, 2, 109, 100, 40, '2011-09-11 14:42:06'),
(91, 2, 110, 100, 40, '2011-09-11 14:42:08'),
(92, 2, 111, 100, 40, '2011-09-11 14:42:09'),
(93, 2, 112, 100, 40, '2011-09-11 14:42:12'),
(94, 2, 113, 100, 40, '2011-09-11 14:42:14'),
(95, 2, 114, 100, 40, '2011-09-11 14:42:15'),
(96, 2, 115, 100, 40, '2011-09-11 14:42:17'),
(97, 2, 116, 100, 40, '2011-09-11 14:42:19'),
(98, 2, 117, 100, 40, '2011-09-11 14:42:30'),
(99, 2, 118, 100, 40, '2011-09-11 14:42:32'),
(100, 2, 119, 100, 40, '2011-09-11 14:42:33'),
(101, 2, 120, 100, 40, '2011-09-11 14:42:35'),
(102, 2, 121, 100, 40, '2011-09-11 14:42:37'),
(103, 2, 122, 100, 40, '2011-09-11 14:42:39'),
(104, 2, 123, 100, 40, '2011-09-11 14:42:42'),
(105, 2, 124, 100, 40, '2011-09-11 14:42:44'),
(106, 2, 125, 100, 40, '2011-09-11 14:43:01'),
(107, 2, 126, 100, 40, '2011-09-11 14:43:03'),
(108, 2, 127, 100, 40, '2011-09-11 14:43:05'),
(109, 2, 128, 100, 40, '2011-09-11 14:43:07'),
(110, 2, 129, 100, 40, '2011-09-11 14:43:09'),
(111, 2, 130, 100, 40, '2011-09-11 14:43:12'),
(112, 2, 131, 100, 40, '2011-09-11 14:43:13'),
(113, 2, 132, 100, 35, '2011-09-11 14:43:15'),
(114, 2, 133, 100, 40, '2011-09-11 14:43:41'),
(115, 2, 134, 100, 40, '2011-09-11 14:43:59'),
(116, 2, 135, 100, 40, '2011-09-11 14:44:01'),
(117, 2, 136, 100, 40, '2011-09-11 14:44:04'),
(118, 2, 137, 100, 40, '2011-09-11 14:44:06'),
(119, 2, 138, 100, 40, '2011-09-11 14:44:07'),
(120, 2, 139, 100, 40, '2011-09-11 14:44:09'),
(121, 2, 140, 100, 40, '2011-09-11 14:44:12'),
(122, 2, 141, 100, 40, '2011-09-11 14:44:14'),
(123, 4, 161, 100, 40, '2011-09-11 15:30:02'),
(124, 4, 162, 100, 40, '2011-09-11 15:30:03'),
(125, 4, 163, 100, 39, '2011-09-11 15:30:04'),
(126, 4, 164, 100, 40, '2011-09-11 15:30:05'),
(127, 4, 165, 100, 40, '2011-09-11 15:30:06'),
(128, 4, 166, 100, 40, '2011-09-11 15:30:07'),
(129, 4, 167, 100, 40, '2011-09-11 15:30:08'),
(130, 4, 168, 100, 40, '2011-09-11 15:30:13'),
(131, 4, 169, 100, 40, '2011-09-11 15:31:09'),
(132, 4, 170, 100, 40, '2011-09-11 15:31:10'),
(133, 4, 171, 100, 40, '2011-09-11 15:31:11'),
(134, 4, 172, 100, 40, '2011-09-11 15:31:12'),
(135, 4, 173, 100, 40, '2011-09-11 15:31:13'),
(136, 4, 174, 100, 40, '2011-09-11 15:31:13'),
(137, 4, 175, 100, 40, '2011-09-11 15:31:14'),
(138, 4, 176, 100, 40, '2011-09-11 15:31:16'),
(139, 4, 177, 100, 40, '2011-09-11 15:31:37'),
(140, 4, 178, 100, 40, '2011-09-11 15:31:39'),
(141, 4, 179, 100, 40, '2011-09-11 15:31:40'),
(142, 4, 180, 100, 40, '2011-09-11 15:31:42'),
(143, 4, 181, 100, 40, '2011-09-11 15:31:44'),
(144, 4, 182, 100, 40, '2011-09-11 15:31:45'),
(145, 4, 183, 100, 40, '2011-09-11 15:31:47'),
(146, 4, 184, 100, 40, '2011-09-11 15:31:49'),
(147, 4, 185, 100, 40, '2011-09-11 15:32:18'),
(148, 4, 186, 100, 40, '2011-09-11 15:32:24'),
(149, 4, 187, 100, 40, '2011-09-11 15:32:26'),
(150, 4, 188, 100, 40, '2011-09-11 15:32:28'),
(151, 4, 189, 100, 40, '2011-09-11 15:32:30'),
(152, 4, 190, 100, 40, '2011-09-11 15:32:32'),
(153, 4, 191, 100, 40, '2011-09-11 15:32:34'),
(154, 4, 192, 100, 40, '2011-09-11 15:32:36'),
(155, 4, 193, 100, 40, '2011-09-11 15:32:55'),
(156, 4, 194, 100, 40, '2011-09-11 15:32:56'),
(157, 4, 195, 100, 40, '2011-09-11 15:32:58'),
(158, 4, 196, 100, 40, '2011-09-11 15:33:00'),
(159, 4, 197, 100, 40, '2011-09-11 15:33:02'),
(160, 4, 198, 100, 40, '2011-09-11 15:33:09'),
(161, 4, 199, 100, 40, '2011-09-11 15:33:11'),
(162, 4, 200, 100, 40, '2011-09-11 15:33:13'),
(163, 5, 201, 100, 40, '2011-09-11 15:33:43'),
(164, 5, 202, 100, 40, '2011-09-11 15:33:45'),
(165, 5, 203, 100, 40, '2011-09-11 15:33:47'),
(166, 5, 204, 100, 40, '2011-09-11 15:33:48'),
(167, 5, 205, 100, 40, '2011-09-11 15:33:50'),
(168, 5, 206, 100, 40, '2011-09-11 15:33:52'),
(169, 5, 207, 100, 40, '2011-09-11 15:33:54'),
(170, 5, 208, 100, 40, '2011-09-11 15:33:56'),
(171, 5, 209, 100, 40, '2011-09-11 15:34:13'),
(172, 5, 210, 100, 40, '2011-09-11 15:34:15'),
(173, 5, 211, 100, 40, '2011-09-11 15:34:17'),
(174, 5, 212, 100, 40, '2011-09-11 15:34:18'),
(175, 5, 213, 100, 40, '2011-09-11 15:34:25'),
(176, 5, 214, 100, 40, '2011-09-11 15:34:27'),
(177, 5, 215, 100, 40, '2011-09-11 15:34:30'),
(178, 5, 216, 100, 40, '2011-09-11 15:34:32'),
(179, 5, 217, 100, 40, '2011-09-11 15:34:48'),
(180, 5, 218, 100, 40, '2011-09-11 15:34:50'),
(181, 5, 219, 100, 40, '2011-09-11 15:34:53'),
(182, 5, 220, 100, 40, '2011-09-11 15:34:55'),
(183, 5, 221, 100, 40, '2011-09-11 15:34:57'),
(184, 5, 222, 100, 40, '2011-09-11 15:34:58'),
(185, 5, 223, 100, 40, '2011-09-11 15:35:00'),
(186, 5, 224, 100, 40, '2011-09-11 15:35:02'),
(187, 5, 225, 100, 40, '2011-09-11 15:35:23'),
(188, 5, 226, 100, 40, '2011-09-11 15:35:25'),
(189, 5, 227, 100, 40, '2011-09-11 15:35:26'),
(190, 5, 228, 100, 40, '2011-09-11 15:35:29'),
(191, 5, 229, 100, 40, '2011-09-11 15:35:35'),
(192, 5, 230, 100, 40, '2011-09-11 15:35:37'),
(193, 5, 231, 100, 40, '2011-09-11 15:35:39'),
(194, 5, 232, 100, 40, '2011-09-11 15:35:41'),
(195, 5, 233, 100, 40, '2011-09-11 15:35:58'),
(196, 5, 234, 100, 40, '2011-09-11 15:36:00'),
(197, 5, 235, 100, 40, '2011-09-11 15:36:02'),
(198, 5, 236, 100, 40, '2011-09-11 15:36:04'),
(199, 5, 237, 100, 40, '2011-09-11 15:36:06'),
(200, 5, 238, 100, 40, '2011-09-11 15:36:08'),
(201, 5, 239, 100, 40, '2011-09-11 15:36:09'),
(202, 5, 240, 100, 40, '2011-09-11 15:36:11'),
(203, 6, 241, 100, 40, '2011-09-11 15:36:49'),
(204, 6, 242, 100, 40, '2011-09-11 15:36:52'),
(205, 6, 243, 100, 40, '2011-09-11 15:36:54'),
(206, 6, 244, 100, 34, '2011-09-11 15:36:56'),
(207, 6, 245, 100, 40, '2011-09-11 15:36:57'),
(208, 6, 246, 100, 36, '2011-09-11 15:36:59'),
(209, 6, 247, 100, 37, '2011-09-11 15:37:04'),
(210, 6, 248, 100, 40, '2011-09-11 15:37:06'),
(211, 6, 249, 100, 40, '2011-09-11 15:37:21'),
(212, 6, 250, 100, 40, '2011-09-11 15:37:23'),
(213, 6, 251, 100, 40, '2011-09-11 15:37:25'),
(214, 6, 252, 100, 40, '2011-09-11 15:37:27'),
(215, 6, 253, 100, 40, '2011-09-11 15:37:28'),
(216, 6, 254, 100, 40, '2011-09-11 15:37:30'),
(217, 6, 255, 100, 40, '2011-09-11 15:37:32'),
(218, 6, 256, 100, 40, '2011-09-11 15:37:33'),
(219, 6, 257, 100, 40, '2011-09-11 15:37:46'),
(220, 6, 258, 100, 40, '2011-09-11 15:37:47'),
(221, 6, 259, 100, 40, '2011-09-11 15:37:49'),
(222, 6, 260, 100, 40, '2011-09-11 15:37:52'),
(223, 6, 261, 100, 40, '2011-09-11 15:37:59'),
(224, 6, 262, 100, 40, '2011-09-11 15:38:01'),
(225, 6, 263, 100, 40, '2011-09-11 15:38:03'),
(226, 6, 264, 100, 40, '2011-09-11 15:38:05'),
(227, 6, 265, 100, 40, '2011-09-11 15:38:30'),
(228, 6, 266, 100, 40, '2011-09-11 15:38:37'),
(229, 6, 267, 100, 40, '2011-09-11 15:38:42'),
(230, 6, 268, 100, 40, '2011-09-11 15:38:47'),
(231, 6, 269, 100, 40, '2011-09-11 15:38:49'),
(232, 6, 270, 100, 40, '2011-09-11 15:38:51'),
(233, 6, 271, 100, 40, '2011-09-11 15:38:53'),
(234, 6, 272, 100, 40, '2011-09-11 15:38:55'),
(235, 6, 273, 100, 40, '2011-09-11 15:39:19'),
(236, 6, 274, 100, 40, '2011-09-11 15:39:22'),
(237, 6, 275, 100, 40, '2011-09-11 15:39:23'),
(238, 6, 276, 100, 40, '2011-09-11 15:39:25'),
(239, 6, 277, 100, 40, '2011-09-11 15:39:27'),
(240, 6, 278, 100, 40, '2011-09-11 15:39:29'),
(241, 6, 279, 100, 40, '2011-09-11 15:39:31'),
(242, 6, 280, 100, 40, '2011-09-11 15:39:33'),
(243, 6, 281, 100, 40, '2011-09-11 15:42:16'),
(244, 6, 282, 100, 40, '2011-09-11 15:42:18');
